-- pictures -------------------------------------------------------------------

INSERT INTO pictures (id, url) VALUES(3, 'https://cnsgsorocaba.org.br/web/wp-content/uploads/2018/06/logo_cncg.jpg');
INSERT INTO pictures (id, url) VALUES(4, 'https://abcpovo.org.br/wp-content/uploads/2020/09/abcp-logo-180px.png');
INSERT INTO pictures (id, url) VALUES(5, 'https://www.ongmaosqueabencoam.org.br/wp-content/uploads/2018/09/ong-1-e1536974587832.png');
INSERT INTO pictures (id, url) VALUES(6, 'https://i0.wp.com/blog.foundit.com.br/wp-content/uploads/2016/11/blog-c.jpg?fit=580%2C430&ssl=1');
INSERT INTO pictures (id, url) VALUES(7, 'https://www.anjosdanoite.org.br/imagens/logo.png');
INSERT INTO pictures (id, url) VALUES(8, 'http://www.transparenciasocial.com.br/files/ngos/652/180216125125-logo-pintura-_x200.jpg?token=16946bb8898d13321112ad0120239ecc');
INSERT INTO pictures (id, url) VALUES(9, 'http://www.transparenciasocial.com.br/files/ngos/4400/190221154217-todas-as-logos-_x200.png?token=e03ae4b822773ff6229bf97df7be36f8');
INSERT INTO pictures (id, url) VALUES(10, 'https://www.acaosocialsaomateus.org.br/img/logos/logo.fw.png');
INSERT INTO pictures (id, url) VALUES(11, 'https://vidajovem.org.br/wp-content/uploads/sites/131/2020/09/Vida-Jovem_Logo-RGB_colorida-preferencial@2x.png');
INSERT INTO pictures (id, url) VALUES(12, 'http://grupodasopa.org/wp-content/uploads/2016/11/cropped-Logotipo-Grupo-da-Sopa.jpg');
INSERT INTO pictures (id, url) VALUES(13, 'https://arcabrasil.org.br/wp-content/uploads/2017/09/logomobile.png');
INSERT INTO pictures (id, url) VALUES(14, 'http://www.ongsoscidadaniaanimal.org/images/site/logo-ong-cidadania-animal.png');
INSERT INTO pictures (id, url) VALUES(15, 'http://cacau.org.br/wp-content/uploads/2016/07/cacau-logo.png');
INSERT INTO pictures (id, url) VALUES(16, 'http://www.transparenciasocial.com.br/files/ngos/5351/070618182831-logo-cmdca-800x_.jpg?token=5c6030d1fc34283f2b3c69c1ec91dbe7');
INSERT INTO pictures (id, url) VALUES(17, 'http://www.transparenciasocial.com.br/files/ngos/5346/231116113345-logo-_x200.jpg?token=72cd8e6084fabe80812be4b955a3cc6e');
INSERT INTO pictures (id, url) VALUES(18, 'https://i2.wp.com/eprocad.org.br/wp-content/uploads/2020/05/logo.png?resize=300%2C120&ssl=1');
INSERT INTO pictures (id, url) VALUES(19, 'http://www.transparenciasocial.com.br/files/ngos/5359/131119231054-logo-_x200.PNG?token=e289984cab814f968f743a5418ce0e3b');
INSERT INTO pictures (id, url) VALUES(20, 'http://www.transparenciasocial.com.br/files/ngos/3210/260718104803-logo-transparente-_x200.png?token=43d327325dc3a34678b911a5e1a024ad');
INSERT INTO pictures (id, url) VALUES(21, 'https://www.integrarsorocaba.org.br/assets/site/img/logo-integrar.png');
INSERT INTO pictures (id, url) VALUES(22, 'http://www.transparenciasocial.com.br/files/ngos/4935/211118164659-lar-bom-jesus-_x200.jpg?token=d43e5ff260d91b4c7b22fc25b0d1db58');
INSERT INTO pictures (id, url) VALUES(23, 'https://static.wixstatic.com/media/e3f353_96905d7c973840ac94f158f22a4893da~mv2_d_1452_1474_s_2.png/v1/fill/w_75,h_75,al_c,q_85,usm_0.66_1.00_0.01/Logo%20Afago%202017.webp');
INSERT INTO pictures (id, url) VALUES(24, 'https://static.wixstatic.com/media/b1f88a_2ca1516b4ac24d13abbe99131f587816~mv2.jpg/v1/fill/w_1019,h_764,al_c,q_85,usm_0.66_1.00_0.01/f1a8834b-cbdc-436b-bb93-88f3a9b35066.webp');
INSERT INTO pictures (id, url) VALUES(25, 'http://www.transparenciasocial.com.br/files/ngos/3477/110518124510-abp-logo-_x200.jpeg?token=6edadb0143d53c63f575ece248f93c5c');
INSERT INTO pictures (id, url) VALUES(26, 'https://static.wixstatic.com/media/37f1aa_03a0c95b1f3449a7bf97846d06c7fd27~mv2.png/v1/fill/w_213,h_70,al_c,q_85,usm_0.66_1.00_0.01/Logo_viver_bem.webp');
INSERT INTO pictures (id, url) VALUES(27, 'http://www.transparenciasocial.com.br/files/ngos/245/150419142910-logo-anni-800x_.jpg?token=6e3a82bf71d2bf009564f6d32dbbb306');
INSERT INTO pictures (id, url) VALUES(28, 'http://afissore.org.br/assets/afissore.png');
INSERT INTO pictures (id, url) VALUES(29, 'https://www.euresolvo.org.br/wp-content/uploads/2019/10/log-lg.png');
INSERT INTO pictures (id, url) VALUES(30, 'https://www.ecodigital.org.br/novo/wp-content/uploads/2021/05/topo2021.jpg');
INSERT INTO pictures (id, url) VALUES(31, 'https://humanhand.org/sites/default/files/humanhandlogooficialblack.png');
INSERT INTO pictures (id, url) VALUES(32, 'https://ongrefazer.org.br/assets/images/refazer-logo-1-122x81.png');

-- contacts -------------------------------------------------------------------

INSERT INTO contacts (id, content, type) VALUES(1, 'https://cnsgsorocaba.org.br/web/', 8);
INSERT INTO contacts (id, content, type) VALUES(2, '(15) 3239-4685', 4);
INSERT INTO contacts (id, content, type) VALUES(3, 'cnsg.telemarketing@gmail.com', 0);
INSERT INTO contacts (id, content, type) VALUES(4, 'https://abcpovo.org.br/', 8);
INSERT INTO contacts (id, content, type) VALUES(5, '(11) 5679-7813', 4);
INSERT INTO contacts (id, content, type) VALUES(6, 'contato@abcpovo.org.br', 0);
INSERT INTO contacts (id, content, type) VALUES(7, 'https://www.ongmaosqueabencoam.org.br/', 8);
INSERT INTO contacts (id, content, type) VALUES(8, '(11) 2311-1118', 4);
INSERT INTO contacts (id, content, type) VALUES(9, 'ongmaosqueabencoam@gmail.com', 0);
INSERT INTO contacts (id, content, type) VALUES(10, 'https://www.institutoc.org.br/', 8);
INSERT INTO contacts (id, content, type) VALUES(11, 'https://www.instagram.com/instituto.c/', 2);
INSERT INTO contacts (id, content, type) VALUES(12, '(11) 3459-1885', 4);
INSERT INTO contacts (id, content, type) VALUES(13, 'https://www.facebook.com/Oinstitutoc/', 1);
INSERT INTO contacts (id, content, type) VALUES(14, 'https://www.youtube.com/channel/UCOTjQfabBSk2BZJfd104RMQ/featured', 10);
INSERT INTO contacts (id, content, type) VALUES(15, 'https://www.linkedin.com/company/instituto-c/', 3);
INSERT INTO contacts (id, content, type) VALUES(16, 'contato@institutoc.org.br', 0);
INSERT INTO contacts (id, content, type) VALUES(17, '(11) 981608407', 4);
INSERT INTO contacts (id, content, type) VALUES(18, 'https://www.anjosdanoite.org.br/', 8);
INSERT INTO contacts (id, content, type) VALUES(19, 'anjos@anjosdanoite.org.br', 0);
INSERT INTO contacts (id, content, type) VALUES(20, 'http://pinturasolidaria.org.br', 8);
INSERT INTO contacts (id, content, type) VALUES(21, 'pinturasolidaria@pinturasolidaria.org.br', 0);
INSERT INTO contacts (id, content, type) VALUES(22, '(15) 3233-6518', 4);
INSERT INTO contacts (id, content, type) VALUES(23, 'contato@momunes.org.br', 0);
INSERT INTO contacts (id, content, type) VALUES(24, '(15) 3211-1854', 4);
INSERT INTO contacts (id, content, type) VALUES(25, 'http://www.momunes.org.br', 8);
INSERT INTO contacts (id, content, type) VALUES(26, 'contato@acaosocialsaomateus.com.br', 0);
INSERT INTO contacts (id, content, type) VALUES(27, '(11) 2012-9455', 4);
INSERT INTO contacts (id, content, type) VALUES(28, 'https://www.acaosocialsaomateus.org.br/', 8);
INSERT INTO contacts (id, content, type) VALUES(29, 'contato@vidajovem.org', 0);
INSERT INTO contacts (id, content, type) VALUES(30, 'https://vidajovem.org.br/', 8);
INSERT INTO contacts (id, content, type) VALUES(31, '(11) 2063-1230', 4);
INSERT INTO contacts (id, content, type) VALUES(32, '(11) 96332-4165', 4);
INSERT INTO contacts (id, content, type) VALUES(33, 'contato@vidajovem.org', 0);
INSERT INTO contacts (id, content, type) VALUES(34, 'contato@grupodasopa.org', 8);
INSERT INTO contacts (id, content, type) VALUES(35, '(11) 3031-6991', 4);
INSERT INTO contacts (id, content, type) VALUES(36, 'https://arcabrasil.org.br/', 8);
INSERT INTO contacts (id, content, type) VALUES(37, 'arcabrasil@arcabrasil.org.br', 0);
INSERT INTO contacts (id, content, type) VALUES(38, 'http://www.ongsoscidadaniaanimal.org/', 8);
INSERT INTO contacts (id, content, type) VALUES(39, 'ongsoscidadaniaanimal@gmail.com', 0);
INSERT INTO contacts (id, content, type) VALUES(40, '(11) 3755-3001', 4);
INSERT INTO contacts (id, content, type) VALUES(41, '(11) 3755-3001', 4);
INSERT INTO contacts (id, content, type) VALUES(42, 'http://cacau.org.br/', 8);
INSERT INTO contacts (id, content, type) VALUES(43, 'cacau@cacau.org.br', 0);
INSERT INTO contacts (id, content, type) VALUES(44, 'http://www.cmdcasorocaba.org.br', 8);
INSERT INTO contacts (id, content, type) VALUES(45, 'contato@cmdcasorocaba.org.br', 0);
INSERT INTO contacts (id, content, type) VALUES(46, '(15) 3231-5300', 4);
INSERT INTO contacts (id, content, type) VALUES(47, 'dispensarioirmasheila@hotmail.com', 0);
INSERT INTO contacts (id, content, type) VALUES(48, 'https://www.facebook.com/dispensario.irmasheila', 1);
INSERT INTO contacts (id, content, type) VALUES(49, '(15) 3222-9535', 4);
INSERT INTO contacts (id, content, type) VALUES(50, 'eprocad@eprocad.org.br', 0);
INSERT INTO contacts (id, content, type) VALUES(51, 'http://eprocad.org.br', 8);
INSERT INTO contacts (id, content, type) VALUES(52, '(11) 4154-1581', 4);
INSERT INTO contacts (id, content, type) VALUES(53, 'https://www.grasasorocaba.com.br/', 8);
INSERT INTO contacts (id, content, type) VALUES(54, 'grasasorocaba@gmail.com', 0);
INSERT INTO contacts (id, content, type) VALUES(55, '(15) 3237-6559', 4);
INSERT INTO contacts (id, content, type) VALUES(56, 'falecom@monteirolobatosorocaba.org', 0);
INSERT INTO contacts (id, content, type) VALUES(57, 'http://monteirolobatosorocaba.org.br', 8);
INSERT INTO contacts (id, content, type) VALUES(58, '(15) 3221-4970', 4);
INSERT INTO contacts (id, content, type) VALUES(59, 'https://www.integrarsorocaba.org.br', 8);
INSERT INTO contacts (id, content, type) VALUES(60, 'contato@integrarsorocaba.org.br', 0);
INSERT INTO contacts (id, content, type) VALUES(61, '(15) 3212-9030', 4);
INSERT INTO contacts (id, content, type) VALUES(62, 'http://larbomjesus.org', 8);
INSERT INTO contacts (id, content, type) VALUES(63, '(15) 3278-1194', 4);
INSERT INTO contacts (id, content, type) VALUES(64, 'larbomjesus.pilardosul@gmail.com', 0);
INSERT INTO contacts (id, content, type) VALUES(65, 'afagosp@afagosp.org.br', 0);
INSERT INTO contacts (id, content, type) VALUES(66, 'https://www.afagosp.org/', 8);
INSERT INTO contacts (id, content, type) VALUES(67, '(11) 5543-1851', 4);
INSERT INTO contacts (id, content, type) VALUES(68, '(15) 3297-7740', 4);
INSERT INTO contacts (id, content, type) VALUES(69, 'https://casapadrepietro.wixsite.com/casapadrepietro', 8);
INSERT INTO contacts (id, content, type) VALUES(70, 'casapadrepietro@gmail.com', 0);
INSERT INTO contacts (id, content, type) VALUES(71, 'http://pastoraldomenorsorocaba.org.br/', 8);
INSERT INTO contacts (id, content, type) VALUES(72, '(15) 3212-1965', 4);
INSERT INTO contacts (id, content, type) VALUES(73, 'pastoraldomenor@terra.com.br', 0);
INSERT INTO contacts (id, content, type) VALUES(74, 'https://www.associacaoviverbem.org.br/', 8);
INSERT INTO contacts (id, content, type) VALUES(75, 'contato@associacaoviverbem.org.br', 0);
INSERT INTO contacts (id, content, type) VALUES(76, '(11) 2307-7805', 4);
INSERT INTO contacts (id, content, type) VALUES(77, '(13) 99761-6573', 4);
INSERT INTO contacts (id, content, type) VALUES(78, 'annitanhaem@yahoo.com.br', 0);
INSERT INTO contacts (id, content, type) VALUES(79, 'http://www2.itanhaem.sp.gov.br/assistencia-social/anni/', 8);
INSERT INTO contacts (id, content, type) VALUES(80, '(15) 3211-3697', 4);
INSERT INTO contacts (id, content, type) VALUES(81, 'afissore@afissore.org.br', 0);
INSERT INTO contacts (id, content, type) VALUES(82, 'http://afissore.org.br/', 8);
INSERT INTO contacts (id, content, type) VALUES(83, '(11) 3099-0452', 4);
INSERT INTO contacts (id, content, type) VALUES(84, 'https://www.euresolvo.org.br/', 8);
INSERT INTO contacts (id, content, type) VALUES(85, 'contato@ongeuresolvo.org', 0);
INSERT INTO contacts (id, content, type) VALUES(86, 'https://www.ecodigital.org.br/novo/', 8);
INSERT INTO contacts (id, content, type) VALUES(87, 'ecodigital@ecodigital.org.br', 0);
INSERT INTO contacts (id, content, type) VALUES(88, '(11) 2631-1330', 4);
INSERT INTO contacts (id, content, type) VALUES(89, '(11) 2381-4408', 4);
INSERT INTO contacts (id, content, type) VALUES(90, 'info@humanhand.org', 0);
INSERT INTO contacts (id, content, type) VALUES(91, '(11) 94003-4924', 9);
INSERT INTO contacts (id, content, type) VALUES(92, 'https://humanhand.org/', 8);
INSERT INTO contacts (id, content, type) VALUES(93, 'contato@refazer.org.br', 0);
INSERT INTO contacts (id, content, type) VALUES(94, 'https://ongrefazer.org.br/index.html', 8);
INSERT INTO contacts (id, content, type) VALUES(95, '(11) 4461-45655', 4);

-- addresses -------------------------------------------------------------------

INSERT INTO addresses (id, complement, description, district, latitude, longitude, number, street, title, zip_code, city_id) VALUES(1, '', 'Associação ou organização', 'Vila Angelica', '-23.48148', '-47.48391', '250', 'Rua João Francisco Rosa', 'CNSG', '18065410', 2);
INSERT INTO addresses (id, complement, description, district, latitude, longitude, number, street, title, zip_code, city_id) VALUES(2, '', 'Organização não governamental em São Paulo', 'Vila Mariana', '-23.60198', '-46.63484', '1185', 'Rua Afonso Celso', 'ABCP - Associação Beneficente & Comunitária do Povo', '04119061', 1);
INSERT INTO addresses (id, complement, description, district, latitude, longitude, number, street, title, zip_code, city_id) VALUES(3, '', 'Organização não governamental em São Caetano do Sul, São Paulo', 'Santa Paula', '-23.62841', '-46.55495', '1160', 'Alameda São Caetano', 'ONG Mãos que Abençoam', '09070210', 3);
INSERT INTO addresses (id, complement, description, district, latitude, longitude, number, street, title, zip_code, city_id) VALUES(4, '', 'Organização não governamental em São Paulo', 'Vila Buarque', '-23.54467', '-46.65078', '663', 'Rua General Jardim', 'Instituto C - Criança, Cuidado, Cidadão', '01223011', 1);
INSERT INTO addresses (id, complement, description, district, latitude, longitude, number, street, title, zip_code, city_id) VALUES(5, '', 'Associação ou organização', 'Parque Paineiras', '-23.53879', '-46.48137', '15', 'Rua José Teixeira da Silva', 'Anjos Da Noite', '03694140', 1);
INSERT INTO addresses (id, complement, description, district, latitude, longitude, number, street, title, zip_code, city_id) VALUES(6, '', 'Associação, Sorocaba, São Paulo', 'Santa Paula', '-23.50895', '-47.46088', '675', 'Rua Salvador Corrêa', 'Associação Cultural Pintura Solidária-Vamos Colorir A Vida', '18030130', 2);
INSERT INTO addresses (id, complement, description, district, latitude, longitude, number, street, title, zip_code, city_id) VALUES(7, '', 'Associação ou organização', 'Jardim São Marcos', '-23.51078', '-47.50130', '62', 'Rua Orestes Ângelo Colo', 'Momunes', '18056570', 2);
INSERT INTO addresses (id, complement, description, district, latitude, longitude, number, street, title, zip_code, city_id) VALUES(8, '', 'Escola em São Paulo', 'São Mateus', '-23.60030', '-46.48258', '1220', 'Rua Ângelo de Cândia', 'INSTIT. ACAO SOCIAL SAO MATEUS', '03958000', 1);
INSERT INTO addresses (id, complement, description, district, latitude, longitude, number, street, title, zip_code, city_id) VALUES(9, '', 'Associação em São Paulo', 'São Mateus', '-23.58879', '-46.61143', '240', 'Rua Padre Marchetti', 'Associação Vida Jovem', '04266000', 1);
INSERT INTO addresses (id, complement, description, district, latitude, longitude, number, street, title, zip_code, city_id) VALUES(10, '', 'Organização voluntária em São Paulo', 'Mooca', '-23.55556', '-46.60772', '86', 'Borges de Figueiredo', 'Grupo da Sopa / ONG Um Ato de Amor', '03110010', 1);
INSERT INTO addresses (id, complement, description, district, latitude, longitude, number, street, title, zip_code, city_id) VALUES(11, '', 'Organização não governamental, São Paulo', 'Sumarezinho', '-23.55059', '-46.69143', '927', 'Rua Harmonia', 'ARCA Brasil - Associação Humanitária de Proteção E Bem-Estar Animal', '05435001', 1);
INSERT INTO addresses (id, complement, description, district, latitude, longitude, number, street, title, zip_code, city_id) VALUES(12, '', 'Veterinário em São Caetano do Sul, São Paulo', 'Cerâmica', '-23.62287', '-46.57337', '746', 'Rua Espírito Santo', 'Ong Sos Cidadania Animal - Clínica Veterinária Popular', '09530701', 3);
INSERT INTO addresses (id, complement, description, district, latitude, longitude, number, street, title, zip_code, city_id) VALUES(13, '', 'Associação ou organização', 'Vila Clementino', '-23.60369', '-46.64277', '105', 'Rua Desembargador Herotides da Silva Lima', 'CACAU - Centro de Apoio a Criança com Anomalia Urológica', '04042060', 1);
INSERT INTO addresses (id, complement, description, district, latitude, longitude, number, street, title, zip_code, city_id) VALUES(14, '', 'Escola de ensino médio, Sorocaba, São Paulo', 'Centro', '-23.50823', '-47.45753', '116', 'Rua Santa Cruz', 'CMDCA de Sorocaba', '18035630', 2);
INSERT INTO addresses (id, complement, description, district, latitude, longitude, number, street, title, zip_code, city_id) VALUES(15, '', 'Associação ou organização', 'Jd. São Marcos', '-23.50803', '-47.50549', '150', 'Rua Jocelino Guariglia', 'Dispensário Irma Sheila', '18056640', 2);
INSERT INTO addresses (id, complement, description, district, latitude, longitude, number, street, title, zip_code, city_id) VALUES(16, '', 'Associação ou organização', 'Jardim Parnaíba', '-23.44296', '-46.91583', '251', 'Rua Pérola', 'Fundação EPROCAD', '06501200', 4);
INSERT INTO addresses (id, complement, description, district, latitude, longitude, number, street, title, zip_code, city_id) VALUES(17, '', 'Centro de tratamento de dependência química, Sorocaba, São Paulo', 'Vila Haro', '-23.49632', '-47.43760', '104', 'Rua Estácio de Sá', 'Grupo de Apoio e Combate a Droga e Álcool Santo Antônio - GRASA', '09581680', 2);
INSERT INTO addresses (id, complement, description, district, latitude, longitude, number, street, title, zip_code, city_id) VALUES(18, '', 'Centro educacional, Sorocaba, São Paulo', 'Pq.Santa Isabel', '-23.53904', '-47.49734', '1111', 'Rua Antônio Aparecido Ferraz', 'Lar Escola Monteiro Lobato', '18052280', 2);
INSERT INTO addresses (id, complement, description, district, latitude, longitude, number, street, title, zip_code, city_id) VALUES(19, '', 'Associação ou organização', 'Jardim Vergueiro', '-23.52318', '-47.45186', '1991', 'Avenida Comendador Pereira Inacio', 'Integrar Sorocaba', '18030005', 2);
INSERT INTO addresses (id, complement, description, district, latitude, longitude, number, street, title, zip_code, city_id) VALUES(20, '', 'Associação em Pilar do Sul, São Paulo', 'Centro', '-23.80906', '-47.72277', '660', 'Rua Dom Lúcio Antunes de Souza', 'Associação Beneficente Bom Jesus', '18185000', 5);
INSERT INTO addresses (id, complement, description, district, latitude, longitude, number, street, title, zip_code, city_id) VALUES(21, '', 'Associação ou organização', 'Jd. Pedreira', '-23.69355', '-46.66632', '525', 'Rua Cônego Antônio Pinto', 'AFAGO - ASSOCIAÇÃO DE APOIO Á FAMÍLIA, AO GRUPO E À COMUNIDADE – SÃO PAULO', '04468000', 1);
INSERT INTO addresses (id, complement, description, district, latitude, longitude, number, street, title, zip_code, city_id) VALUES(22, '', 'Clínica de reabilitação em São Paulo', 'Aparecidinha', '-23.50895', '-47.70019', '240', 'Estrada Municipal - s/n Cx de Luz', 'Casa Padre Pietro - Comunidade Terapêutica', '18190000', 1);
INSERT INTO addresses (id, complement, description, district, latitude, longitude, number, street, title, zip_code, city_id) VALUES(23, '', 'Associação ou organização', 'Vila Espírito Santo', '-23.51653', '-47.49273', '315', 'Rua Capitão Pedro Tavares', 'Pastoral do Menor', '18051330', 1);
INSERT INTO addresses (id, complement, description, district, latitude, longitude, number, street, title, zip_code, city_id) VALUES(24, '', 'Associação ou organização', 'Cerqueira César', '-23.55820', '-46.67410', '145', 'Artur de Azevedo', 'Associação Viver Bem', '05404010', 1);
INSERT INTO addresses (id, complement, description, district, latitude, longitude, number, street, title, zip_code, city_id) VALUES(25, '', 'Associação em Itanhaém, São Paulo', 'Jardim Sabauna', '-24.18414', '-46.81787', '205', 'Rua Maria Benedita Matos Poitena', 'Associação Nordestina e Nortista de Itanhaem', '11740000', 1);
INSERT INTO addresses (id, complement, description, district, latitude, longitude, number, street, title, zip_code, city_id) VALUES(26, '', 'Organização de serviço social em São Paulo', 'Alto da Boa Vista', '-23.47997', '-47.43000', '128', 'Rua Lygia Fante', 'AFISSORE - Associação Fissurados Lábio Palatais de Sorocaba Região', '18085841', 1);
INSERT INTO addresses (id, complement, description, district, latitude, longitude, number, street, title, zip_code, city_id) VALUES(27, '', 'Organização sem fins lucrativos', 'Jardim Paulista', '-23.56674', '-46.65063', '777', 'Av. Paulista', 'Eu Resolvo-ONG', '01311100', 1);
INSERT INTO addresses (id, complement, description, district, latitude, longitude, number, street, title, zip_code, city_id) VALUES(28, '', 'Organização não governamental', 'VILA MARIA', '-23.50412', '-46.59202', '49', 'PRAÇA JOAQUIM JOSE DA NOVA', 'ONG Ecodigital', '02126000', 1);
INSERT INTO addresses (id, complement, description, district, latitude, longitude, number, street, title, zip_code, city_id) VALUES(29, '', 'Organização sem fins lucrativos', 'Chácara Inglesa', '-23.69213', '-46.55960', '45', 'Rua Antônio Campanha', 'HUMAN HAND ORG ONG Organização sem fins lucrativos São Bernardo do Campo ABC', '09725460', 1);
INSERT INTO addresses (id, complement, description, district, latitude, longitude, number, street, title, zip_code, city_id) VALUES(30, '', 'Organização não governamental', 'Utinga', '-23.62503', '-46.53532', '667', 'Alameda México', 'ONG Refazer', '09220120', 1);

-- ngos -------------------------------------------------------------------

INSERT INTO ngos (id, activated, cnpj, created_at, description, name, updated_at, address_id) VALUES(1, true, '19658159000126', '2021-07-20 19:44:18.353', 'Somos uma instituição filantrópica, e acolhemos crianças em estado de risco que são retiradas da família e encaminhadas do conselho tutelar para nós. A idade em que acolhemos é de 0 á 18 anos incompleto. Nós existimos á 4 anos, o nosso maior meio de manter a Casa é por doações e o nosso maior desejo é que a vida dessas crianças possa restaurada no amor!', 'Casa Nossa Senhora das Graças', '2021-07-20 19:44:18.353', 1);
INSERT INTO ngos (id, activated, cnpj, created_at, description, name, updated_at, address_id) VALUES(2, true, '08978522000174', '2021-07-20 19:44:37.770', 'Fundada em 2007, atuamos na promoção da reintegração social, busca pelo resgate da dignidade e autonomia de pessoas em situação de rua e na ampliação de visão de mundo para crianças e adolescentes da periferia de São Paulo.', 'ABCP', '2021-07-20 19:44:37.770', 2);
INSERT INTO ngos (id, activated, cnpj, created_at, description, name, updated_at, address_id) VALUES(3, true, '18805439000157', '2021-07-20 19:45:50.945', 'Uma Organização sem fins lucrativos, de promoção ao desenvolvimento social que trabalha desde 2013, na assistência social e humanitária das pessoas em situação de rua. O trabalho conta com o apoio financeiro de pessoas físicas que contribuem com um valor mensal denominadas associados e com comerciários que nos apoiam com doações.', 'ONG Mãos que Abençoam', '2021-07-20 19:45:50.945', 3);
INSERT INTO ngos (id, activated, cnpj, created_at, description, name, updated_at, address_id) VALUES(4, true, '14644881000198', '2021-07-20 19:46:09.120', 'Fundado em 2011, o Instituto C é uma organização social sem fins lucrativos, que atua na cidade de São Paulo, junto a famílias que tenham crianças e adolescentes em situação de vulnerabilidade social, para que construam sua autonomia, tendo consciência sobre seus direitos e deveres, e assim, possam oferecer um ambiente saudável para o pleno desenvolvimento de suas crianças e adolescentes.', 'Instituto C', '2021-07-20 19:46:09.120', 4);
INSERT INTO ngos (id, activated, cnpj, created_at, description, name, updated_at, address_id) VALUES(5, true, '67637231000181', '2021-07-20 19:46:27.085', 'Fundado por Kaká Ferreira e José Amato, o Núcleo Assistencial Anjos da Noite realiza o trabalho desde 22 de agosto de 1989. É composto por pessoas de todas as idades, de várias denominações religiosas que voluntariamente doam, além do seu tempo, alimentos, roupas, agasalhos, calçados, cobertores e principalmente amor. Uma simples refeição, um agasalho e uma palavra amiga são os ferramentas fundamentais para possibilitar o resgate da autoestima objetivando a sua reintegração social.', 'Anjos Da Noite', '2021-07-20 19:46:27.085', 1);
INSERT INTO ngos (id, activated, cnpj, created_at, description, name, updated_at, address_id) VALUES(6, true, '08845381000111', '2021-07-20 19:48:03.959', 'A pintura Solidária é uma Organização da Sociedade Civil, que assessora as instituições de Assistência Social de Sorocaba e região., em atividades relacionadas às artes plásticas. Sua ação principal consiste na realização de oficinas de pintura direcionadas para crianças, adolescentes, adultos e idosos. Tem como objetivo principal permitir o contato com tintas, telas e pincéis, democratizando a arte e testando aptidões. Por ser uma forma de expressão a pintura proporciona melhora significativa na auto estima e na autonomia, que juntas promovem o exercício da cidadania.', 'Associação Cultural Pintura Solidária - Vamos Colorir a Vida', '2021-07-20 19:48:03.959', 6);
INSERT INTO ngos (id, activated, cnpj, created_at, description, name, updated_at, address_id) VALUES(7, true, '03778458000164', '2021-07-20 19:48:27.930', 'O Movimento de Mulheres Negras de Sorocaba- MOMUNES é uma sociedade civil sem fins lucrativos que nasceu da necessidade de promover a cultura afro-brasileira na cidade de Sorocaba.', 'MOMUNES - MOVIMENTO DE MULHERES NEGRAS DE SOROCABA', '2021-07-20 19:48:27.930', 7);
INSERT INTO ngos (id, activated, cnpj, created_at, description, name, updated_at, address_id) VALUES(8, true, '45880499000450', '2021-07-20 19:48:49.795', ' Ação Social São Mateus é uma organização não-governamental, sem fins lucrativos, de base comunitária, reconhecida de utilidade pública. Fundada em 1980, por iniciativa de lideranças comunitárias da Paróquia São Mateus Apóstolo, para responder a uma necessidade daquela época: atender crianças no serviço de creche, possibilitando que as mães pudessem trabalhar.', 'Ação social são matheus', '2021-07-20 19:48:49.795', 8);
INSERT INTO ngos (id, activated, cnpj, created_at, description, name, updated_at, address_id) VALUES(9, true, '57062366000102', '2021-07-20 19:49:24.593', 'Nós somos um caminho para que jovens da comunidade de Heliópolis (SP) e entornos encontrem portas abertas para serem quem são. Trabalhamos oferecendo oportunidades de estudo para qualificação e entrada no mercado de trabalho, com objetivo de superar barreiras, desigualdades e preconceitos, aproximando nossos jovens do sucesso. Nossa filosofia é que o jovem quer quem acredite nos seus sonhos. E nós acreditamos!', 'Associação Vida Jovem', '2021-07-20 19:49:24.593', 9);
INSERT INTO ngos (id, activated, cnpj, created_at, description, name, updated_at, address_id) VALUES(10, true, '00761450000105', '2021-07-20 19:49:35.996', 'O Grupo da Sopa foi criado em 1996, por iniciativa de um grupo de amigos que resolveu dedicar algumas horas semanais para ajudar o próximo. Durante os dois primeiros anos, esses amigos preparavam sopa para distribuir nas ruas de São Paulo.', 'Grupo da Sopa', '2021-07-20 19:49:35.996', 10);
INSERT INTO ngos (id, activated, cnpj, created_at, description, name, updated_at, address_id) VALUES(11, true, '71713119000150', '2021-07-20 19:49:50.327', 'Entidade sem fins lucrativos, vínculos partidários ou religiosos, criada em 1993 com o objetivo de promover o bem-estar e o respeito aos direitos dos animais.', 'ARCA Brasil', '2021-07-20 19:49:50.327', 11);
INSERT INTO ngos (id, activated, cnpj, created_at, description, name, updated_at, address_id) VALUES(12, true, '17311864000127', '2021-07-20 19:50:03.515', 'Fundada em Outubro de 2013, a ONG SOS Cidadania Animal, vem auxiliando animais necessitados em nossa clínica veterinária. Nosso objetivo é mudar a realidade dos cães e gatos, defendendo seus interesses, realizando procedimentos veterinários à animais de tutores, protetores e abrigos.', 'SOS Cidadania Animal', '2021-07-20 19:50:03.515', 12);
INSERT INTO ngos (id, activated, cnpj, created_at, description, name, updated_at, address_id) VALUES(13, true, '07862926000216', '2021-07-20 19:50:18.961', 'CACAU é uma associação civil, sem fins lucrativos, de natureza privada e caráter filantrópico. Sua atenção é voltada a crianças e adolescentes carentes que apresentam doenças do aparelho geniturinário, compreendendo os rins, as vias excretoras urinárias (ureteres, bexiga e uretra) e os genitais.', 'CACAU', '2021-07-20 19:50:18.961', 13);
INSERT INTO ngos (id, activated, cnpj, created_at, description, name, updated_at, address_id) VALUES(14, true, '17999107000198', '2021-07-20 19:50:32.442', 'Somos o órgão que delibera e exerce o controle da política de atendimento às crianças e aos adolescentes em todos os níveis, conforme previsto no ECA (Estatuto da Criança e do Adolescente - lei federal nº 8.069, de 13 de julho de 1990).', 'CMDCA Sorocaba', '2021-07-20 19:50:32.442', 14);
INSERT INTO ngos (id, activated, cnpj, created_at, description, name, updated_at, address_id) VALUES(15, true, '54339288000152', '2021-07-20 19:51:25.488', 'A Instituição Dispensário “irmã Sheila”, está localizada na cidade de Sorocaba na região Oeste, realiza o Serviço de Convivência e Fortalecimento de Vínculo para Idosos, sendo um serviço de Proteção Social Básica, de acordo com a Tipificação Nacional dos Serviços Socioassistenciais (Resolução, Nº 109/2009 CNAS). O serviço de Convivência e Fortalecimento de vinculo tem por objetivo: Assegurar um espaços de referência para o convívio grupal, formação e participação da cidadania, desenvolvendo o protagonismo e a autonomia dos idosos (as), a partir dos interesses, das demandas e potencialidades dessa faixa etária (melhor idade). As atividades serão pautadas em serviços que respeitem a peculiar condição da idade, com desenvolvimento físico, cognitivo, social e afetivo, sua autonomia e cidadania, organizando e desenvolvendo atividades facilitadoras da animação sócios culturais (educativo, social, lúdico e recreativo).', 'Dispensário Irmã Sheila', '2021-07-20 19:51:25.488', 15);
INSERT INTO ngos (id, activated, cnpj, created_at, description, name, updated_at, address_id) VALUES(16, true, '96497482000106', '2021-07-20 19:51:35.976', 'A Fundação EPROCAD é uma instituição que visa contribuir com a inclusão social de crianças, adolescentes e suas famílias, por meio do esporte, educação e cultura, possibilitando autonomia de participação na sociedade.', 'FUNDAÇÃO EPROCAD', '2021-07-20 19:51:35.976', 16);
INSERT INTO ngos (id, activated, cnpj, created_at, description, name, updated_at, address_id) VALUES(17, true, '03289885000189', '2021-07-20 19:52:02.842', 'O GRASA é um grupo de apoio e combate a droga e álcool, trabalhando no auxilio aos dependentes químicos (droga e álcool) e seus familiares, a se livrarem deste mal. Atua hoje em local cedido pela Paróquia Santo Antonio, na Arvore Grande em Sorocaba, a Rua Estácio de Sá 104, com reuniões todas as quartas-feiras.', 'GRASA', '2021-07-20 19:52:02.842', 17);
INSERT INTO ngos (id, activated, cnpj, created_at, description, name, updated_at, address_id) VALUES(18, true, '71492318000185', '2021-07-20 19:52:16.351', 'O Projeto Renovar consiste em ofertar a crianças de 06 a 11 anos de idade espaços apropriados e com toda infraestrutura adequada para o convívio grupal, comunitário e social, promovendo, através de atendimentos, acompanhamentos, atividades e oficinas o desenvolvimento pessoal e social, contribuindo para a construção de uma visão mais ampla da realidade em que estão inseridos, na busca do exercício pleno de sua cidadania.', 'LAR ESCOLA MONTEIRO LOBATO DE SOROCABA', '2021-07-20 19:52:16.351', 18);
INSERT INTO ngos (id, activated, cnpj, created_at, description, name, updated_at, address_id) VALUES(19, true, '71558647000181', '2021-07-20 19:52:32.872', 'A clínica-escola INTEGRAR (Instituição Terapêutica de Grupos de Habilitação e Reabilitação) é uma entidade filantrópica, sem fins lucrativos fundada em 1993, pela iniciativa de pais de crianças com diagnóstico de paralisia cerebral.', 'INTEGRAR', '2021-07-20 19:52:32.872', 19);
INSERT INTO ngos (id, activated, cnpj, created_at, description, name, updated_at, address_id) VALUES(20, true, '54070354000131', '2021-07-20 19:52:46.882', 'Somos uma entidade civil, sem fins lucrativos que tem como principal objetivo dar abrigo, assistência a saúde e entretenimento a pessoa idosa, desamparada e necessitada.', 'Lar Bom Jesus Pilar do Sul', '2021-07-20 19:52:46.882', 20);
INSERT INTO ngos (id, activated, cnpj, created_at, description, name, updated_at, address_id) VALUES(21, true, '73950362000117', '2021-07-23 17:28:48.569', 'A AFAGO SP, Associação de Apoio à Família, ao Grupo e à Comunidade, é uma iniciativa sem fins lucrativos de caráter socioeducativo fundada em 1993 para  atender diariamente 280 crianças e adolescentes entre 6 e 18 anos em situação de vulnerabilidade social, tendo em vista seu desenvolvimento pessoal e profissional.', 'AFAGO', '2021-07-23 17:28:48.569', 21);
INSERT INTO ngos (id, activated, cnpj, created_at, description, name, updated_at, address_id) VALUES(22, true, '08436472000101', '2021-07-23 17:29:03.872', 'Resgatar vidas em situação de Dependência Química, devolvendo-as ao convívio familiar e social, como cidadãos produtivos economicamente e socialmente.', 'CASA PADRE PIETRO', '2021-07-23 17:29:03.872', 22);
INSERT INTO ngos (id, activated, cnpj, created_at, description, name, updated_at, address_id) VALUES(23, true, '07668736000181', '2021-07-23 17:29:14.928', 'Desenvolver trabalhos de promoção humana, assistência e desenvolvimento social, cultural, esportivo e artístico como entidade beneficente de assistência social, junto a crianças, adolescentes, famílias e pessoas carentes em geral.', 'ASSOCIAÇÃO BOM PASTOR', '2021-07-23 17:29:14.928', 23);
INSERT INTO ngos (id, activated, cnpj, created_at, description, name, updated_at, address_id) VALUES(24, true, '24550122000110', '2021-07-23 17:29:26.127', 'A Viver Bem é uma associação sem fins lucrativos, constituída por profissionais da saúde e áreas afins, que tem como objetivo difundir a promoção da qualidade de vida e o bem-estar para a comunidade, para os portadores de transtorno do impulso e suas famílias.', 'Associação Viver Bem ', '2021-07-23 17:29:26.127', 24);
INSERT INTO ngos (id, activated, cnpj, created_at, description, name, updated_at, address_id) VALUES(25, true, '03729931000202', '2021-07-23 17:29:34.913', 'A Associação Nordestina e Nortista de Itanhaém - ANNI, iniciou suas atividades no ano de 2000, no município de Itanhaém/ SP, através de seus idealizadores: Srº Severino (Lima) e Srª Margareth, entre outros que acreditaram neste projeto. Desde então vem atuando em Projetos voltados para crianças e adolescentes, inclusive por meio de parcerias com o Governo do Estado de SP. Atualmente quem responde pela Entidade é Srª Margareth Lourdes de Barros - Presidente da Associação.', 'ANNI Associação', '2021-07-23 17:29:34.913', 25);
INSERT INTO ngos (id, activated, cnpj, created_at, description, name, updated_at, address_id) VALUES(26, true, '60110863000143', '2021-07-23 17:29:43.297', 'Reabilitar as pessoas com fissuras labiopalatinas, promovendo a autoestima, autonomia, saúde, dignidade e bem - estar social, visando sua inserção na sociedade de Sorocaba e Região.', 'AFISSORE', '2021-07-23 17:29:43.297', 26);
INSERT INTO ngos (id, activated, cnpj, created_at, description, name, updated_at, address_id) VALUES(27, true, '19925416000149', '2021-07-23 17:29:52.106', 'Você não precisa esperar povoar um novo planeta para construir a sociedade dos seus sonhos, foi com essa visão que a Eu Resolvo – ONG foi fundada. Tendo como objetivo promover e apoiar a iniciativa “eu resolvo” na população, a instituição visa fomentar que as pessoas considerem a opção de resolver pequenos problemas da cidade ao invés de apenas reclamar, e uma vez estimulados por essa atitude, tenham acesso a uma completa estrutura de apoio para realizar com excelência a transformação desejada.', 'Eu Resolvo', '2021-07-23 17:29:52.106', 27);
INSERT INTO ngos (id, activated, cnpj, created_at, description, name, updated_at, address_id) VALUES(28, true, '08919717000143', '2021-07-23 17:30:01.303', 'A Instituição “ONG Ecodigital” é uma associação civil sem fins lucrativos, filantrópica, de caráter assistencial, social e cultural, com o objetivo de valorizar e promover a inclusão digital para cidadãos e/ou comunidades através da Reciclagem de Equipamentos de Informática, isenta de quaisquer preconceitos ou discriminações seja de raça, credo religioso, cor ou política, quer em suas atividades e objetivos sociais, quer entre os componentes de seu quadro associativo.', 'Ecodigital', '2021-07-23 17:30:01.303', 28);
INSERT INTO ngos (id, activated, cnpj, created_at, description, name, updated_at, address_id) VALUES(29, true, '35060655000130', '2021-07-23 17:30:10.335', 'HUMAN HAND é uma organização humanitária que nasceu em 12.11.2018 para dar voz a quem não tem e visibilidade aos invisíveis, essa é a nossa Missão! Temos independência política e religiosa. Quebrar o som do silêncio, é a nossa Visão de futuro. Quando alguem lhe pedir ajuda, estenda-lhe a mão. A solidariedade começa com o olhar para o outro”. “Significa também perceber o que acontece à volta, a situação e as pessoas.', 'HUMAN HAND', '2021-07-23 17:30:10.335', 29);
INSERT INTO ngos (id, activated, cnpj, created_at, description, name, updated_at, address_id) VALUES(30, true, '34631835000161', '2021-07-23 17:30:18.580', 'Encontros que geram conexões, foi assim que surgiu a ONG Refazer, de um impulso visionário e do desejo latente de ajudar o próximo. Começamos identificando a grande necessidade de pessoas em vulnerabilidade social de serem assistidas e amparadas. A partir daí, desenvolvemos o projeto de uma Ong que busca não apenas ajudar, mas inserir refugiados e imigrantes na sociedade e introduzi-los no mercado de trabalho. Uma das medidas tomadas foi a absorção de alguns refugiados em empresas parceiras. No entanto, barreiras surgiram, como a da língua e uma das soluções encontradas foi a de oferecer aulas de língua portuguesa. Um novo capítulo começa e vários outros projetos surgem, sendo desenvolvidos por profissionais apaixonados por pessoas e com o intuito de mudar vidas. Os refugiados e imigrantes encontram não somente assistência social, mas também resgatam a dignidade e a esperança de um futuro melhor. Assim nasceu a Ong Refazer, da vontade de mudar o mundo e da necessidade de ajudar o próximo.', 'ONG Refazer', '2021-07-23 17:30:18.580', 30);

-- ngo_more_informations -------------------------------------------------------------------

INSERT INTO ngo_more_informations (id, information, ngo_id) VALUES(1, ' Há mais alegria em dar , que receber ', 1);
INSERT INTO ngo_more_informations (id, information, ngo_id) VALUES(2, 'Além do trabalho com PopRua, ao longo dos anos foram desenvolvidos projetos com famílias, crianças e adolescentes, gestantes em situação de vulnerabilidade e famílias em processo de adoção, por meio de atendimentos sociais, concessões de cestas básicas, palestras, cursos de capacitação e oficinas de esportes e cultura.', 2);
INSERT INTO ngo_more_informations (id, information, ngo_id) VALUES(3, 'Desde 2011, inicialmente com o nome de Saúde Criança São Paulo, trabalhamos com  a metodologia PAF - Plano de Ação Familiar, licenciada pelo Instituto Dara (antiga Associação Saúde Criança Renascer), atuando com famílias que tenham uma criança em tratamento de saúde e vivam em vulnerabilidade social, encaminhadas por hospitais públicos de São Paulo.', 4);
INSERT INTO ngo_more_informations (id, information, ngo_id) VALUES(4, 'Marco Ciampi Fundador e presidente da ARCA Brasil. Marco começou sua história dentro da proteção animal em 1992, quando foi escolhido como representante da entidade inglesa World Society for the Protection of Animals (WSPA).', 11);
INSERT INTO ngo_more_informations (id, information, ngo_id) VALUES(5, 'A ONG SOS Cidadania Animal de São Caetano do Sul tem como principal objetivo a realização de eventos para adoção de cães e gatos, resgates na medida do possível (não temos abrigo), incentivar a castração e a vacinação, lutar por vida digna dentro do CCZ Municipal, gritar em nome dos animais pelo fim das crueldades e abandonos.', 12);
INSERT INTO ngo_more_informations (id, information, ngo_id) VALUES(6, 'O nosso lema é: Uma pequena atitude pode mudar a sua vida para sempre.', 13);
INSERT INTO ngo_more_informations (id, information, ngo_id) VALUES(7, 'O CACAU presta serviços gratuitos a essas crianças, procurando preservar ao máximo a integridade humana e a qualidade de vida com dignidade e autonomia.', 13);
INSERT INTO ngo_more_informations (id, information, ngo_id) VALUES(8, 'Temos como missão elaborar as políticas que garantem os direitos das crianças e dos adolescentes, articulando ações junto aos poderes constituídos e sociedade civil.', 14);
INSERT INTO ngo_more_informations (id, information, ngo_id) VALUES(9, 'A Instituição Dispensário Irmã Sheila desenvolve programas assistenciais continuados e planejados, dentro dos parâmetros da Lei Orgânica da Assistência Social (LOAS). Colocando em foco a constituição de um espaço de convivência e formação para a participação da cidadania, desenvolvimento do protagonismo e de autonomia dos idosos, a partir dos interesses, demandas e potencialidades dessa faixa etária, Os serviços vem contribuir e garantir por meio de apoio assistencial o comprimento de atividades viabilizando os direitos e deveres dos usuários.', 15);
INSERT INTO ngo_more_informations (id, information, ngo_id) VALUES(10, 'É uma sociedade constituída, sem fins lucrativos, em funcionamento desde abril de 1995, tendo sido registrada no CNPJ, em 13 de julho de 1999, conforme numero 03 289 885 / 0001-89, sendo reconhecida como Entidade de Utilidade Publica, conforme Lei Municipal 6183 de 26/06/2000.', 17);
INSERT INTO ngo_more_informations (id, information, ngo_id) VALUES(11, 'Com as ações ofertadas, visamos integrar e informar estas famílias, potencializando seu poder de decisão e escolhas, suas habilidades, talentos, inserindo as nas redes de proteção social para com isso extinguir e minimizar as ocorrências de situações de riscos e vulnerabilidade social, renovando nessas famílias, suas perspectivas de sucesso e ascensão familiar, contribuindo para o seu bem-estar social.', 18);
INSERT INTO ngo_more_informations (id, information, ngo_id) VALUES(12, 'O Trabalho desenvolvido pela equipe da INTEGRAR está alicerçado em três eixos fundamentais para o desenvolvimento da criança e jovens e adultos com deficiência: Social, Educação e Saúde.', 19);

-- ngo_pictures -------------------------------------------------------------------

INSERT INTO ngo_pictures (ngo_id, picture_id) VALUES(1, 3);
INSERT INTO ngo_pictures (ngo_id, picture_id) VALUES(2, 4);
INSERT INTO ngo_pictures (ngo_id, picture_id) VALUES(3, 5);
INSERT INTO ngo_pictures (ngo_id, picture_id) VALUES(4, 6);
INSERT INTO ngo_pictures (ngo_id, picture_id) VALUES(5, 7);
INSERT INTO ngo_pictures (ngo_id, picture_id) VALUES(6, 8);
INSERT INTO ngo_pictures (ngo_id, picture_id) VALUES(7, 9);
INSERT INTO ngo_pictures (ngo_id, picture_id) VALUES(8, 10);
INSERT INTO ngo_pictures (ngo_id, picture_id) VALUES(9, 11);
INSERT INTO ngo_pictures (ngo_id, picture_id) VALUES(10, 12);
INSERT INTO ngo_pictures (ngo_id, picture_id) VALUES(11, 13);
INSERT INTO ngo_pictures (ngo_id, picture_id) VALUES(12, 14);
INSERT INTO ngo_pictures (ngo_id, picture_id) VALUES(13, 15);
INSERT INTO ngo_pictures (ngo_id, picture_id) VALUES(14, 16);
INSERT INTO ngo_pictures (ngo_id, picture_id) VALUES(15, 17);
INSERT INTO ngo_pictures (ngo_id, picture_id) VALUES(16, 18);
INSERT INTO ngo_pictures (ngo_id, picture_id) VALUES(17, 19);
INSERT INTO ngo_pictures (ngo_id, picture_id) VALUES(18, 20);
INSERT INTO ngo_pictures (ngo_id, picture_id) VALUES(19, 21);
INSERT INTO ngo_pictures (ngo_id, picture_id) VALUES(20, 22);
INSERT INTO ngo_pictures (ngo_id, picture_id) VALUES(21, 23);
INSERT INTO ngo_pictures (ngo_id, picture_id) VALUES(22, 24);
INSERT INTO ngo_pictures (ngo_id, picture_id) VALUES(23, 25);
INSERT INTO ngo_pictures (ngo_id, picture_id) VALUES(24, 26);
INSERT INTO ngo_pictures (ngo_id, picture_id) VALUES(25, 27);
INSERT INTO ngo_pictures (ngo_id, picture_id) VALUES(26, 28);
INSERT INTO ngo_pictures (ngo_id, picture_id) VALUES(27, 29);
INSERT INTO ngo_pictures (ngo_id, picture_id) VALUES(28, 30);
INSERT INTO ngo_pictures (ngo_id, picture_id) VALUES(29, 31);
INSERT INTO ngo_pictures (ngo_id, picture_id) VALUES(30, 32);

-- ngo_social_causes -------------------------------------------------------------------

INSERT INTO ngo_social_causes (ngo_id, social_cause_id) VALUES(1, 9);
INSERT INTO ngo_social_causes (ngo_id, social_cause_id) VALUES(2, 6);
INSERT INTO ngo_social_causes (ngo_id, social_cause_id) VALUES(2, 9);
INSERT INTO ngo_social_causes (ngo_id, social_cause_id) VALUES(2, 10);
INSERT INTO ngo_social_causes (ngo_id, social_cause_id) VALUES(3, 10);
INSERT INTO ngo_social_causes (ngo_id, social_cause_id) VALUES(3, 11);
INSERT INTO ngo_social_causes (ngo_id, social_cause_id) VALUES(4, 1);
INSERT INTO ngo_social_causes (ngo_id, social_cause_id) VALUES(4, 6);
INSERT INTO ngo_social_causes (ngo_id, social_cause_id) VALUES(4, 9);
INSERT INTO ngo_social_causes (ngo_id, social_cause_id) VALUES(4, 10);
INSERT INTO ngo_social_causes (ngo_id, social_cause_id) VALUES(5, 10);
INSERT INTO ngo_social_causes (ngo_id, social_cause_id) VALUES(6, 9);
INSERT INTO ngo_social_causes (ngo_id, social_cause_id) VALUES(6, 10);
INSERT INTO ngo_social_causes (ngo_id, social_cause_id) VALUES(6, 11);
INSERT INTO ngo_social_causes (ngo_id, social_cause_id) VALUES(7, 9);
INSERT INTO ngo_social_causes (ngo_id, social_cause_id) VALUES(7, 10);
INSERT INTO ngo_social_causes (ngo_id, social_cause_id) VALUES(7, 11);
INSERT INTO ngo_social_causes (ngo_id, social_cause_id) VALUES(8, 9);
INSERT INTO ngo_social_causes (ngo_id, social_cause_id) VALUES(9, 1);
INSERT INTO ngo_social_causes (ngo_id, social_cause_id) VALUES(9, 9);
INSERT INTO ngo_social_causes (ngo_id, social_cause_id) VALUES(9, 10);
INSERT INTO ngo_social_causes (ngo_id, social_cause_id) VALUES(10, 10);
INSERT INTO ngo_social_causes (ngo_id, social_cause_id) VALUES(11, 2);
INSERT INTO ngo_social_causes (ngo_id, social_cause_id) VALUES(12, 2);
INSERT INTO ngo_social_causes (ngo_id, social_cause_id) VALUES(13, 7);
INSERT INTO ngo_social_causes (ngo_id, social_cause_id) VALUES(13, 9);
INSERT INTO ngo_social_causes (ngo_id, social_cause_id) VALUES(14, 9);
INSERT INTO ngo_social_causes (ngo_id, social_cause_id) VALUES(14, 10);
INSERT INTO ngo_social_causes (ngo_id, social_cause_id) VALUES(15, 10);
INSERT INTO ngo_social_causes (ngo_id, social_cause_id) VALUES(15, 11);
INSERT INTO ngo_social_causes (ngo_id, social_cause_id) VALUES(16, 9);
INSERT INTO ngo_social_causes (ngo_id, social_cause_id) VALUES(16, 10);
INSERT INTO ngo_social_causes (ngo_id, social_cause_id) VALUES(17, 3);
INSERT INTO ngo_social_causes (ngo_id, social_cause_id) VALUES(17, 7);
INSERT INTO ngo_social_causes (ngo_id, social_cause_id) VALUES(18, 9);
INSERT INTO ngo_social_causes (ngo_id, social_cause_id) VALUES(19, 1);
INSERT INTO ngo_social_causes (ngo_id, social_cause_id) VALUES(19, 7);
INSERT INTO ngo_social_causes (ngo_id, social_cause_id) VALUES(19, 9);
INSERT INTO ngo_social_causes (ngo_id, social_cause_id) VALUES(20, 7);
INSERT INTO ngo_social_causes (ngo_id, social_cause_id) VALUES(20, 10);
INSERT INTO ngo_social_causes (ngo_id, social_cause_id) VALUES(20, 11);
INSERT INTO ngo_social_causes (ngo_id, social_cause_id) VALUES(21, 9);
INSERT INTO ngo_social_causes (ngo_id, social_cause_id) VALUES(21, 10);
INSERT INTO ngo_social_causes (ngo_id, social_cause_id) VALUES(22, 3);
INSERT INTO ngo_social_causes (ngo_id, social_cause_id) VALUES(22, 10);
INSERT INTO ngo_social_causes (ngo_id, social_cause_id) VALUES(23, 9);
INSERT INTO ngo_social_causes (ngo_id, social_cause_id) VALUES(23, 10);
INSERT INTO ngo_social_causes (ngo_id, social_cause_id) VALUES(24, 1);
INSERT INTO ngo_social_causes (ngo_id, social_cause_id) VALUES(25, 1);
INSERT INTO ngo_social_causes (ngo_id, social_cause_id) VALUES(26, 7);
INSERT INTO ngo_social_causes (ngo_id, social_cause_id) VALUES(26, 9);
INSERT INTO ngo_social_causes (ngo_id, social_cause_id) VALUES(26, 11);
INSERT INTO ngo_social_causes (ngo_id, social_cause_id) VALUES(27, 7);
INSERT INTO ngo_social_causes (ngo_id, social_cause_id) VALUES(27, 9);
INSERT INTO ngo_social_causes (ngo_id, social_cause_id) VALUES(27, 11);
INSERT INTO ngo_social_causes (ngo_id, social_cause_id) VALUES(28, 5);
INSERT INTO ngo_social_causes (ngo_id, social_cause_id) VALUES(29, 10);
INSERT INTO ngo_social_causes (ngo_id, social_cause_id) VALUES(30, 5);

-- ngo_contacts -------------------------------------------------------------------

INSERT INTO ngo_contacts (ngo_id, contact_id) VALUES(1, 1);
INSERT INTO ngo_contacts (ngo_id, contact_id) VALUES(1, 2);
INSERT INTO ngo_contacts (ngo_id, contact_id) VALUES(1, 3);
INSERT INTO ngo_contacts (ngo_id, contact_id) VALUES(2, 4);
INSERT INTO ngo_contacts (ngo_id, contact_id) VALUES(2, 5);
INSERT INTO ngo_contacts (ngo_id, contact_id) VALUES(2, 6);
INSERT INTO ngo_contacts (ngo_id, contact_id) VALUES(3, 7);
INSERT INTO ngo_contacts (ngo_id, contact_id) VALUES(3, 8);
INSERT INTO ngo_contacts (ngo_id, contact_id) VALUES(3, 9);
INSERT INTO ngo_contacts (ngo_id, contact_id) VALUES(4, 10);
INSERT INTO ngo_contacts (ngo_id, contact_id) VALUES(4, 11);
INSERT INTO ngo_contacts (ngo_id, contact_id) VALUES(4, 12);
INSERT INTO ngo_contacts (ngo_id, contact_id) VALUES(4, 13);
INSERT INTO ngo_contacts (ngo_id, contact_id) VALUES(4, 14);
INSERT INTO ngo_contacts (ngo_id, contact_id) VALUES(4, 15);
INSERT INTO ngo_contacts (ngo_id, contact_id) VALUES(4, 16);
INSERT INTO ngo_contacts (ngo_id, contact_id) VALUES(5, 17);
INSERT INTO ngo_contacts (ngo_id, contact_id) VALUES(5, 18);
INSERT INTO ngo_contacts (ngo_id, contact_id) VALUES(5, 19);
INSERT INTO ngo_contacts (ngo_id, contact_id) VALUES(6, 20);
INSERT INTO ngo_contacts (ngo_id, contact_id) VALUES(6, 21);
INSERT INTO ngo_contacts (ngo_id, contact_id) VALUES(6, 22);
INSERT INTO ngo_contacts (ngo_id, contact_id) VALUES(7, 23);
INSERT INTO ngo_contacts (ngo_id, contact_id) VALUES(7, 24);
INSERT INTO ngo_contacts (ngo_id, contact_id) VALUES(7, 25);
INSERT INTO ngo_contacts (ngo_id, contact_id) VALUES(8, 26);
INSERT INTO ngo_contacts (ngo_id, contact_id) VALUES(8, 27);
INSERT INTO ngo_contacts (ngo_id, contact_id) VALUES(8, 28);
INSERT INTO ngo_contacts (ngo_id, contact_id) VALUES(9, 29);
INSERT INTO ngo_contacts (ngo_id, contact_id) VALUES(9, 30);
INSERT INTO ngo_contacts (ngo_id, contact_id) VALUES(9, 31);
INSERT INTO ngo_contacts (ngo_id, contact_id) VALUES(10, 32);
INSERT INTO ngo_contacts (ngo_id, contact_id) VALUES(10, 33);
INSERT INTO ngo_contacts (ngo_id, contact_id) VALUES(10, 34);
INSERT INTO ngo_contacts (ngo_id, contact_id) VALUES(11, 35);
INSERT INTO ngo_contacts (ngo_id, contact_id) VALUES(11, 36);
INSERT INTO ngo_contacts (ngo_id, contact_id) VALUES(11, 37);
INSERT INTO ngo_contacts (ngo_id, contact_id) VALUES(12, 38);
INSERT INTO ngo_contacts (ngo_id, contact_id) VALUES(12, 39);
INSERT INTO ngo_contacts (ngo_id, contact_id) VALUES(12, 40);
INSERT INTO ngo_contacts (ngo_id, contact_id) VALUES(13, 41);
INSERT INTO ngo_contacts (ngo_id, contact_id) VALUES(13, 42);
INSERT INTO ngo_contacts (ngo_id, contact_id) VALUES(13, 43);
INSERT INTO ngo_contacts (ngo_id, contact_id) VALUES(14, 44);
INSERT INTO ngo_contacts (ngo_id, contact_id) VALUES(14, 45);
INSERT INTO ngo_contacts (ngo_id, contact_id) VALUES(14, 46);
INSERT INTO ngo_contacts (ngo_id, contact_id) VALUES(15, 47);
INSERT INTO ngo_contacts (ngo_id, contact_id) VALUES(15, 48);
INSERT INTO ngo_contacts (ngo_id, contact_id) VALUES(15, 49);
INSERT INTO ngo_contacts (ngo_id, contact_id) VALUES(16, 50);
INSERT INTO ngo_contacts (ngo_id, contact_id) VALUES(16, 51);
INSERT INTO ngo_contacts (ngo_id, contact_id) VALUES(16, 52);
INSERT INTO ngo_contacts (ngo_id, contact_id) VALUES(17, 53);
INSERT INTO ngo_contacts (ngo_id, contact_id) VALUES(17, 54);
INSERT INTO ngo_contacts (ngo_id, contact_id) VALUES(17, 55);
INSERT INTO ngo_contacts (ngo_id, contact_id) VALUES(18, 56);
INSERT INTO ngo_contacts (ngo_id, contact_id) VALUES(18, 57);
INSERT INTO ngo_contacts (ngo_id, contact_id) VALUES(18, 58);
INSERT INTO ngo_contacts (ngo_id, contact_id) VALUES(19, 59);
INSERT INTO ngo_contacts (ngo_id, contact_id) VALUES(19, 60);
INSERT INTO ngo_contacts (ngo_id, contact_id) VALUES(19, 61);
INSERT INTO ngo_contacts (ngo_id, contact_id) VALUES(20, 62);
INSERT INTO ngo_contacts (ngo_id, contact_id) VALUES(20, 63);
INSERT INTO ngo_contacts (ngo_id, contact_id) VALUES(20, 64);
INSERT INTO ngo_contacts (ngo_id, contact_id) VALUES(21, 65);
INSERT INTO ngo_contacts (ngo_id, contact_id) VALUES(21, 66);
INSERT INTO ngo_contacts (ngo_id, contact_id) VALUES(21, 67);
INSERT INTO ngo_contacts (ngo_id, contact_id) VALUES(22, 68);
INSERT INTO ngo_contacts (ngo_id, contact_id) VALUES(22, 69);
INSERT INTO ngo_contacts (ngo_id, contact_id) VALUES(22, 70);
INSERT INTO ngo_contacts (ngo_id, contact_id) VALUES(23, 71);
INSERT INTO ngo_contacts (ngo_id, contact_id) VALUES(23, 72);
INSERT INTO ngo_contacts (ngo_id, contact_id) VALUES(23, 73);
INSERT INTO ngo_contacts (ngo_id, contact_id) VALUES(24, 74);
INSERT INTO ngo_contacts (ngo_id, contact_id) VALUES(24, 75);
INSERT INTO ngo_contacts (ngo_id, contact_id) VALUES(24, 76);
INSERT INTO ngo_contacts (ngo_id, contact_id) VALUES(25, 77);
INSERT INTO ngo_contacts (ngo_id, contact_id) VALUES(25, 78);
INSERT INTO ngo_contacts (ngo_id, contact_id) VALUES(25, 79);
INSERT INTO ngo_contacts (ngo_id, contact_id) VALUES(26, 80);
INSERT INTO ngo_contacts (ngo_id, contact_id) VALUES(26, 81);
INSERT INTO ngo_contacts (ngo_id, contact_id) VALUES(26, 82);
INSERT INTO ngo_contacts (ngo_id, contact_id) VALUES(27, 83);
INSERT INTO ngo_contacts (ngo_id, contact_id) VALUES(27, 84);
INSERT INTO ngo_contacts (ngo_id, contact_id) VALUES(27, 85);
INSERT INTO ngo_contacts (ngo_id, contact_id) VALUES(28, 86);
INSERT INTO ngo_contacts (ngo_id, contact_id) VALUES(28, 87);
INSERT INTO ngo_contacts (ngo_id, contact_id) VALUES(28, 88);
INSERT INTO ngo_contacts (ngo_id, contact_id) VALUES(29, 89);
INSERT INTO ngo_contacts (ngo_id, contact_id) VALUES(29, 90);
INSERT INTO ngo_contacts (ngo_id, contact_id) VALUES(29, 91);
INSERT INTO ngo_contacts (ngo_id, contact_id) VALUES(29, 92);
INSERT INTO ngo_contacts (ngo_id, contact_id) VALUES(30, 93);
INSERT INTO ngo_contacts (ngo_id, contact_id) VALUES(30, 94);
INSERT INTO ngo_contacts (ngo_id, contact_id) VALUES(30, 95);
